,comName,sciName,measure_name,time,detections_cnt
0,Red-breasted Nuthatch,Sitta canadensis,Confidence,2024-01-27 17:00:00.000000000,17
1,Red-breasted Nuthatch,Sitta canadensis,Confidence,2024-01-27 18:00:00.000000000,5
2,Red-breasted Nuthatch,Sitta canadensis,Confidence,2024-01-27 19:00:00.000000000,5
3,Red-breasted Nuthatch,Sitta canadensis,Confidence,2024-01-27 20:00:00.000000000,6
4,Red-breasted Nuthatch,Sitta canadensis,Confidence,2024-01-27 21:00:00.000000000,3
5,Red-breasted Nuthatch,Sitta canadensis,Confidence,2024-01-27 22:00:00.000000000,3
6,Red-breasted Nuthatch,Sitta canadensis,Confidence,2024-01-28 14:00:00.000000000,3
7,Red-breasted Nuthatch,Sitta canadensis,Confidence,2024-01-28 15:00:00.000000000,10
8,Red-breasted Nuthatch,Sitta canadensis,Confidence,2024-01-28 16:00:00.000000000,4
9,Red-breasted Nuthatch,Sitta canadensis,Confidence,2024-01-28 18:00:00.000000000,10
10,Red-breasted Nuthatch,Sitta canadensis,Confidence,2024-01-28 19:00:00.000000000,26
11,Red-breasted Nuthatch,Sitta canadensis,Confidence,2024-01-28 20:00:00.000000000,5
12,Red-breasted Nuthatch,Sitta canadensis,Confidence,2024-01-28 21:00:00.000000000,3
13,Red-breasted Nuthatch,Sitta canadensis,Confidence,2024-01-28 23:00:00.000000000,10
14,Red-breasted Nuthatch,Sitta canadensis,Confidence,2024-02-11 14:00:00.000000000,7
15,Red-breasted Nuthatch,Sitta canadensis,Confidence,2024-02-11 15:00:00.000000000,29
16,Red-breasted Nuthatch,Sitta canadensis,Confidence,2024-02-11 16:00:00.000000000,6
17,Red-breasted Nuthatch,Sitta canadensis,Confidence,2024-02-11 17:00:00.000000000,3
18,Red-breasted Nuthatch,Sitta canadensis,Confidence,2024-02-11 22:00:00.000000000,3
19,Red-breasted Nuthatch,Sitta canadensis,Confidence,2024-02-12 14:00:00.000000000,2
20,Red-breasted Nuthatch,Sitta canadensis,Confidence,2024-02-12 15:00:00.000000000,5
21,Red-breasted Nuthatch,Sitta canadensis,Confidence,2024-02-12 16:00:00.000000000,4
22,Red-breasted Nuthatch,Sitta canadensis,Confidence,2024-02-12 18:00:00.000000000,3
23,Red-breasted Nuthatch,Sitta canadensis,Confidence,2024-02-12 20:00:00.000000000,2
24,Red-breasted Nuthatch,Sitta canadensis,Confidence,2024-02-12 22:00:00.000000000,2
25,Red-breasted Nuthatch,Sitta canadensis,Confidence,2024-02-13 14:00:00.000000000,6
26,Red-breasted Nuthatch,Sitta canadensis,Confidence,2024-02-13 15:00:00.000000000,30
27,Red-breasted Nuthatch,Sitta canadensis,Confidence,2024-02-13 16:00:00.000000000,3
28,Red-breasted Nuthatch,Sitta canadensis,Confidence,2024-02-13 17:00:00.000000000,13
29,Red-breasted Nuthatch,Sitta canadensis,Confidence,2024-02-13 18:00:00.000000000,2
30,Red-breasted Nuthatch,Sitta canadensis,Confidence,2024-02-13 19:00:00.000000000,5
31,Red-breasted Nuthatch,Sitta canadensis,Confidence,2024-02-13 20:00:00.000000000,2
32,Red-breasted Nuthatch,Sitta canadensis,Confidence,2024-02-13 23:00:00.000000000,3
33,Red-breasted Nuthatch,Sitta canadensis,Confidence,2024-02-14 14:00:00.000000000,4
34,Red-breasted Nuthatch,Sitta canadensis,Confidence,2024-02-14 15:00:00.000000000,7
35,Red-breasted Nuthatch,Sitta canadensis,Confidence,2024-02-14 16:00:00.000000000,9
36,Red-breasted Nuthatch,Sitta canadensis,Confidence,2024-02-14 17:00:00.000000000,2
37,Red-breasted Nuthatch,Sitta canadensis,Confidence,2024-02-14 20:00:00.000000000,2
38,Red-breasted Nuthatch,Sitta canadensis,Confidence,2024-02-14 22:00:00.000000000,11
39,Red-breasted Nuthatch,Sitta canadensis,Confidence,2024-02-15 14:00:00.000000000,3
40,Red-breasted Nuthatch,Sitta canadensis,Confidence,2024-02-15 15:00:00.000000000,15
41,Red-breasted Nuthatch,Sitta canadensis,Confidence,2024-02-15 16:00:00.000000000,5
42,Red-breasted Nuthatch,Sitta canadensis,Confidence,2024-02-15 17:00:00.000000000,7
43,Red-breasted Nuthatch,Sitta canadensis,Confidence,2024-02-16 14:00:00.000000000,4
44,Red-breasted Nuthatch,Sitta canadensis,Confidence,2024-02-16 15:00:00.000000000,2
45,Red-breasted Nuthatch,Sitta canadensis,Confidence,2024-02-16 16:00:00.000000000,2
46,Red-breasted Nuthatch,Sitta canadensis,Confidence,2024-02-16 17:00:00.000000000,9
47,Red-breasted Nuthatch,Sitta canadensis,Confidence,2024-02-16 19:00:00.000000000,6
48,Red-breasted Nuthatch,Sitta canadensis,Confidence,2024-02-16 20:00:00.000000000,4
49,Red-breasted Nuthatch,Sitta canadensis,Confidence,2024-02-16 21:00:00.000000000,9
50,Red-breasted Nuthatch,Sitta canadensis,Confidence,2024-02-16 22:00:00.000000000,6
51,Red-breasted Nuthatch,Sitta canadensis,Confidence,2024-02-17 14:00:00.000000000,7
52,Red-breasted Nuthatch,Sitta canadensis,Confidence,2024-02-17 15:00:00.000000000,4
53,Bewicks Wren,Thryomanes bewickii,Confidence,2024-01-28 14:00:00.000000000,2
54,Bewicks Wren,Thryomanes bewickii,Confidence,2024-01-28 17:00:00.000000000,2
55,Bewicks Wren,Thryomanes bewickii,Confidence,2024-01-28 18:00:00.000000000,2
56,Bewicks Wren,Thryomanes bewickii,Confidence,2024-01-28 22:00:00.000000000,11
57,Bewicks Wren,Thryomanes bewickii,Confidence,2024-02-13 17:00:00.000000000,6
58,Bewicks Wren,Thryomanes bewickii,Confidence,2024-02-14 20:00:00.000000000,3
59,Bewicks Wren,Thryomanes bewickii,Confidence,2024-02-15 16:00:00.000000000,2
60,Acorn Woodpecker,Melanerpes formicivorus,Confidence,2024-02-12 23:00:00.000000000,2
61,Stellers Jay,Cyanocitta stelleri,Confidence,2024-01-27 17:00:00.000000000,54
62,Stellers Jay,Cyanocitta stelleri,Confidence,2024-01-27 18:00:00.000000000,56
63,Stellers Jay,Cyanocitta stelleri,Confidence,2024-01-28 14:00:00.000000000,2
64,Stellers Jay,Cyanocitta stelleri,Confidence,2024-01-28 16:00:00.000000000,11
65,Stellers Jay,Cyanocitta stelleri,Confidence,2024-01-28 17:00:00.000000000,2
66,Stellers Jay,Cyanocitta stelleri,Confidence,2024-01-29 00:00:00.000000000,2
67,Stellers Jay,Cyanocitta stelleri,Confidence,2024-02-11 14:00:00.000000000,2
68,Stellers Jay,Cyanocitta stelleri,Confidence,2024-02-11 17:00:00.000000000,28
69,Stellers Jay,Cyanocitta stelleri,Confidence,2024-02-11 18:00:00.000000000,7
70,Stellers Jay,Cyanocitta stelleri,Confidence,2024-02-12 14:00:00.000000000,17
71,Stellers Jay,Cyanocitta stelleri,Confidence,2024-02-12 18:00:00.000000000,7
72,Stellers Jay,Cyanocitta stelleri,Confidence,2024-02-12 19:00:00.000000000,4
73,Stellers Jay,Cyanocitta stelleri,Confidence,2024-02-13 15:00:00.000000000,13
74,Stellers Jay,Cyanocitta stelleri,Confidence,2024-02-13 16:00:00.000000000,11
75,Stellers Jay,Cyanocitta stelleri,Confidence,2024-02-13 21:00:00.000000000,8
76,Stellers Jay,Cyanocitta stelleri,Confidence,2024-02-13 22:00:00.000000000,15
77,Stellers Jay,Cyanocitta stelleri,Confidence,2024-02-14 14:00:00.000000000,5
78,Stellers Jay,Cyanocitta stelleri,Confidence,2024-02-14 18:00:00.000000000,16
79,Stellers Jay,Cyanocitta stelleri,Confidence,2024-02-14 19:00:00.000000000,5
80,Stellers Jay,Cyanocitta stelleri,Confidence,2024-02-14 20:00:00.000000000,5
81,Stellers Jay,Cyanocitta stelleri,Confidence,2024-02-15 14:00:00.000000000,5
82,Stellers Jay,Cyanocitta stelleri,Confidence,2024-02-15 15:00:00.000000000,7
83,Stellers Jay,Cyanocitta stelleri,Confidence,2024-02-15 16:00:00.000000000,3
84,Stellers Jay,Cyanocitta stelleri,Confidence,2024-02-16 00:00:00.000000000,3
85,Stellers Jay,Cyanocitta stelleri,Confidence,2024-02-16 16:00:00.000000000,19
86,Stellers Jay,Cyanocitta stelleri,Confidence,2024-02-16 20:00:00.000000000,2
87,Stellers Jay,Cyanocitta stelleri,Confidence,2024-02-16 23:00:00.000000000,2
88,Stellers Jay,Cyanocitta stelleri,Confidence,2024-02-17 14:00:00.000000000,10
89,Stellers Jay,Cyanocitta stelleri,Confidence,2024-02-17 15:00:00.000000000,2
90,,test,memory_utilization,2024-02-17 16:00:00.000000000,1
91,Red-tailed Hawk,Buteo jamaicensis,Confidence,2024-01-27 17:00:00.000000000,16
92,Red-tailed Hawk,Buteo jamaicensis,Confidence,2024-01-27 18:00:00.000000000,9
93,Red-tailed Hawk,Buteo jamaicensis,Confidence,2024-01-28 14:00:00.000000000,3
94,Red-tailed Hawk,Buteo jamaicensis,Confidence,2024-01-28 16:00:00.000000000,7
95,Red-tailed Hawk,Buteo jamaicensis,Confidence,2024-01-28 22:00:00.000000000,3
96,Red-tailed Hawk,Buteo jamaicensis,Confidence,2024-02-11 17:00:00.000000000,3
97,Red-tailed Hawk,Buteo jamaicensis,Confidence,2024-02-11 20:00:00.000000000,2
98,Red-tailed Hawk,Buteo jamaicensis,Confidence,2024-02-13 15:00:00.000000000,3
99,Red-tailed Hawk,Buteo jamaicensis,Confidence,2024-02-13 16:00:00.000000000,4
100,Red-tailed Hawk,Buteo jamaicensis,Confidence,2024-02-13 17:00:00.000000000,4
101,Red-tailed Hawk,Buteo jamaicensis,Confidence,2024-02-13 18:00:00.000000000,2
102,Red-tailed Hawk,Buteo jamaicensis,Confidence,2024-02-13 21:00:00.000000000,3
103,Red-tailed Hawk,Buteo jamaicensis,Confidence,2024-02-13 22:00:00.000000000,6
104,Red-tailed Hawk,Buteo jamaicensis,Confidence,2024-02-13 23:00:00.000000000,2
105,Red-tailed Hawk,Buteo jamaicensis,Confidence,2024-02-14 18:00:00.000000000,4
106,Red-tailed Hawk,Buteo jamaicensis,Confidence,2024-02-16 16:00:00.000000000,4
107,Red-tailed Hawk,Buteo jamaicensis,Confidence,2024-02-16 20:00:00.000000000,4
108,Red-tailed Hawk,Buteo jamaicensis,Confidence,2024-02-17 14:00:00.000000000,2
109,Bushtit,Psaltriparus minimus,Confidence,2024-01-28 00:00:00.000000000,7
110,Bushtit,Psaltriparus minimus,Confidence,2024-01-28 01:00:00.000000000,13
111,Bushtit,Psaltriparus minimus,Confidence,2024-01-28 14:00:00.000000000,6
112,Bushtit,Psaltriparus minimus,Confidence,2024-01-28 15:00:00.000000000,5
113,Bushtit,Psaltriparus minimus,Confidence,2024-01-28 20:00:00.000000000,3
114,Bushtit,Psaltriparus minimus,Confidence,2024-01-28 21:00:00.000000000,3
115,Bushtit,Psaltriparus minimus,Confidence,2024-01-28 22:00:00.000000000,3
116,Bushtit,Psaltriparus minimus,Confidence,2024-01-28 23:00:00.000000000,2
117,Bushtit,Psaltriparus minimus,Confidence,2024-02-11 14:00:00.000000000,2
118,Bushtit,Psaltriparus minimus,Confidence,2024-02-12 01:00:00.000000000,3
119,Bushtit,Psaltriparus minimus,Confidence,2024-02-13 15:00:00.000000000,2
120,Bushtit,Psaltriparus minimus,Confidence,2024-02-14 01:00:00.000000000,10
121,Bushtit,Psaltriparus minimus,Confidence,2024-02-14 16:00:00.000000000,6
122,Bushtit,Psaltriparus minimus,Confidence,2024-02-15 23:00:00.000000000,7
123,Bushtit,Psaltriparus minimus,Confidence,2024-02-16 01:00:00.000000000,3
124,Bushtit,Psaltriparus minimus,Confidence,2024-02-16 17:00:00.000000000,2
125,Bushtit,Psaltriparus minimus,Confidence,2024-02-17 14:00:00.000000000,2
126,White-breasted Nuthatch,Sitta carolinensis,Confidence,2024-01-27 18:00:00.000000000,2
127,White-breasted Nuthatch,Sitta carolinensis,Confidence,2024-01-27 20:00:00.000000000,5
128,White-breasted Nuthatch,Sitta carolinensis,Confidence,2024-01-28 15:00:00.000000000,3
129,White-breasted Nuthatch,Sitta carolinensis,Confidence,2024-01-28 17:00:00.000000000,2
130,White-breasted Nuthatch,Sitta carolinensis,Confidence,2024-01-28 18:00:00.000000000,2
131,White-breasted Nuthatch,Sitta carolinensis,Confidence,2024-01-28 19:00:00.000000000,4
132,White-breasted Nuthatch,Sitta carolinensis,Confidence,2024-01-28 20:00:00.000000000,7
133,White-breasted Nuthatch,Sitta carolinensis,Confidence,2024-01-28 21:00:00.000000000,2
134,White-breasted Nuthatch,Sitta carolinensis,Confidence,2024-01-28 22:00:00.000000000,5
135,White-breasted Nuthatch,Sitta carolinensis,Confidence,2024-02-13 16:00:00.000000000,6
136,White-breasted Nuthatch,Sitta carolinensis,Confidence,2024-02-16 15:00:00.000000000,12
137,House Finch,Haemorhous mexicanus,Confidence,2024-01-27 18:00:00.000000000,5
138,House Finch,Haemorhous mexicanus,Confidence,2024-01-27 20:00:00.000000000,8
139,House Finch,Haemorhous mexicanus,Confidence,2024-01-27 21:00:00.000000000,4
140,House Finch,Haemorhous mexicanus,Confidence,2024-01-28 00:00:00.000000000,2
141,House Finch,Haemorhous mexicanus,Confidence,2024-01-28 15:00:00.000000000,7
142,House Finch,Haemorhous mexicanus,Confidence,2024-01-28 16:00:00.000000000,2
143,House Finch,Haemorhous mexicanus,Confidence,2024-01-28 18:00:00.000000000,3
144,House Finch,Haemorhous mexicanus,Confidence,2024-01-28 19:00:00.000000000,3
145,House Finch,Haemorhous mexicanus,Confidence,2024-01-28 21:00:00.000000000,4
146,House Finch,Haemorhous mexicanus,Confidence,2024-01-28 22:00:00.000000000,4
147,House Finch,Haemorhous mexicanus,Confidence,2024-01-28 23:00:00.000000000,12
148,House Finch,Haemorhous mexicanus,Confidence,2024-01-29 00:00:00.000000000,7
149,House Finch,Haemorhous mexicanus,Confidence,2024-01-29 01:00:00.000000000,2
150,House Finch,Haemorhous mexicanus,Confidence,2024-02-11 15:00:00.000000000,2
151,House Finch,Haemorhous mexicanus,Confidence,2024-02-11 20:00:00.000000000,2
152,House Finch,Haemorhous mexicanus,Confidence,2024-02-16 01:00:00.000000000,2
153,Cedar Waxwing,Bombycilla cedrorum,Confidence,2024-01-28 16:00:00.000000000,2
154,Cedar Waxwing,Bombycilla cedrorum,Confidence,2024-01-28 20:00:00.000000000,7
155,Cedar Waxwing,Bombycilla cedrorum,Confidence,2024-01-28 22:00:00.000000000,3
156,Cedar Waxwing,Bombycilla cedrorum,Confidence,2024-01-28 23:00:00.000000000,6
157,Cedar Waxwing,Bombycilla cedrorum,Confidence,2024-01-29 00:00:00.000000000,2
158,Cedar Waxwing,Bombycilla cedrorum,Confidence,2024-02-12 17:00:00.000000000,2
159,Cedar Waxwing,Bombycilla cedrorum,Confidence,2024-02-13 17:00:00.000000000,2
160,Cedar Waxwing,Bombycilla cedrorum,Confidence,2024-02-15 14:00:00.000000000,2
161,Cedar Waxwing,Bombycilla cedrorum,Confidence,2024-02-15 19:00:00.000000000,2
162,Cedar Waxwing,Bombycilla cedrorum,Confidence,2024-02-15 23:00:00.000000000,3
163,Cedar Waxwing,Bombycilla cedrorum,Confidence,2024-02-16 00:00:00.000000000,2
164,Cedar Waxwing,Bombycilla cedrorum,Confidence,2024-02-16 17:00:00.000000000,2
165,Cedar Waxwing,Bombycilla cedrorum,Confidence,2024-02-16 21:00:00.000000000,3
166,Cedar Waxwing,Bombycilla cedrorum,Confidence,2024-02-16 22:00:00.000000000,2
167,Black Phoebe,Sayornis nigricans,Confidence,2024-02-11 15:00:00.000000000,3
168,Black Phoebe,Sayornis nigricans,Confidence,2024-02-11 17:00:00.000000000,7
169,Black Phoebe,Sayornis nigricans,Confidence,2024-02-12 14:00:00.000000000,4
170,Black Phoebe,Sayornis nigricans,Confidence,2024-02-12 18:00:00.000000000,7
171,Black Phoebe,Sayornis nigricans,Confidence,2024-02-12 19:00:00.000000000,4
172,Black Phoebe,Sayornis nigricans,Confidence,2024-02-13 15:00:00.000000000,2
173,Black Phoebe,Sayornis nigricans,Confidence,2024-02-13 17:00:00.000000000,4
174,Black Phoebe,Sayornis nigricans,Confidence,2024-02-13 18:00:00.000000000,2
175,Black Phoebe,Sayornis nigricans,Confidence,2024-02-16 14:00:00.000000000,14
176,Black Phoebe,Sayornis nigricans,Confidence,2024-02-16 15:00:00.000000000,4
177,Black Phoebe,Sayornis nigricans,Confidence,2024-02-16 18:00:00.000000000,2
178,Great Horned Owl,Bubo virginianus,Confidence,2024-01-28 05:00:00.000000000,2
179,Great Horned Owl,Bubo virginianus,Confidence,2024-02-11 08:00:00.000000000,5
180,Great Horned Owl,Bubo virginianus,Confidence,2024-02-11 09:00:00.000000000,3
181,Great Horned Owl,Bubo virginianus,Confidence,2024-02-11 10:00:00.000000000,4
182,Great Horned Owl,Bubo virginianus,Confidence,2024-02-12 11:00:00.000000000,70
183,Great Horned Owl,Bubo virginianus,Confidence,2024-02-12 12:00:00.000000000,12
184,Great Horned Owl,Bubo virginianus,Confidence,2024-02-12 13:00:00.000000000,2
185,Great Horned Owl,Bubo virginianus,Confidence,2024-02-13 07:00:00.000000000,21
186,Great Horned Owl,Bubo virginianus,Confidence,2024-02-13 10:00:00.000000000,5
187,Great Horned Owl,Bubo virginianus,Confidence,2024-02-14 02:00:00.000000000,2
188,Great Horned Owl,Bubo virginianus,Confidence,2024-02-14 09:00:00.000000000,15
189,Great Horned Owl,Bubo virginianus,Confidence,2024-02-14 10:00:00.000000000,2
190,Great Horned Owl,Bubo virginianus,Confidence,2024-02-14 11:00:00.000000000,18
191,Great Horned Owl,Bubo virginianus,Confidence,2024-02-14 12:00:00.000000000,39
192,Great Horned Owl,Bubo virginianus,Confidence,2024-02-14 14:00:00.000000000,11
193,Great Horned Owl,Bubo virginianus,Confidence,2024-02-15 10:00:00.000000000,2
194,Great Horned Owl,Bubo virginianus,Confidence,2024-02-16 11:00:00.000000000,6
195,Great Horned Owl,Bubo virginianus,Confidence,2024-02-17 04:00:00.000000000,2
196,Great Horned Owl,Bubo virginianus,Confidence,2024-02-17 07:00:00.000000000,101
197,Great Horned Owl,Bubo virginianus,Confidence,2024-02-17 08:00:00.000000000,2
198,Nuttalls Woodpecker,Dryobates nuttallii,Confidence,2024-01-27 19:00:00.000000000,2
199,Nuttalls Woodpecker,Dryobates nuttallii,Confidence,2024-01-28 16:00:00.000000000,3
200,Nuttalls Woodpecker,Dryobates nuttallii,Confidence,2024-01-28 18:00:00.000000000,2
201,Nuttalls Woodpecker,Dryobates nuttallii,Confidence,2024-01-28 19:00:00.000000000,4
202,Nuttalls Woodpecker,Dryobates nuttallii,Confidence,2024-01-28 21:00:00.000000000,2
203,Nuttalls Woodpecker,Dryobates nuttallii,Confidence,2024-01-28 22:00:00.000000000,6
204,Nuttalls Woodpecker,Dryobates nuttallii,Confidence,2024-01-28 23:00:00.000000000,7
205,Nuttalls Woodpecker,Dryobates nuttallii,Confidence,2024-01-29 00:00:00.000000000,3
206,Nuttalls Woodpecker,Dryobates nuttallii,Confidence,2024-02-16 15:00:00.000000000,2
207,Nuttalls Woodpecker,Dryobates nuttallii,Confidence,2024-02-16 19:00:00.000000000,2
208,American Crow,Corvus brachyrhynchos,Confidence,2024-01-27 18:00:00.000000000,4
209,American Crow,Corvus brachyrhynchos,Confidence,2024-01-27 23:00:00.000000000,27
210,American Crow,Corvus brachyrhynchos,Confidence,2024-01-28 15:00:00.000000000,2
211,American Crow,Corvus brachyrhynchos,Confidence,2024-01-28 16:00:00.000000000,5
212,American Crow,Corvus brachyrhynchos,Confidence,2024-01-28 18:00:00.000000000,6
213,American Crow,Corvus brachyrhynchos,Confidence,2024-01-28 19:00:00.000000000,8
214,American Crow,Corvus brachyrhynchos,Confidence,2024-01-28 20:00:00.000000000,6
215,American Crow,Corvus brachyrhynchos,Confidence,2024-01-28 21:00:00.000000000,2
216,American Crow,Corvus brachyrhynchos,Confidence,2024-01-28 23:00:00.000000000,7
217,American Crow,Corvus brachyrhynchos,Confidence,2024-01-29 00:00:00.000000000,2
218,American Crow,Corvus brachyrhynchos,Confidence,2024-02-10 23:00:00.000000000,8
219,American Crow,Corvus brachyrhynchos,Confidence,2024-02-11 15:00:00.000000000,5
220,American Crow,Corvus brachyrhynchos,Confidence,2024-02-11 16:00:00.000000000,3
221,American Crow,Corvus brachyrhynchos,Confidence,2024-02-11 17:00:00.000000000,44
222,American Crow,Corvus brachyrhynchos,Confidence,2024-02-11 18:00:00.000000000,33
223,American Crow,Corvus brachyrhynchos,Confidence,2024-02-11 19:00:00.000000000,2
224,American Crow,Corvus brachyrhynchos,Confidence,2024-02-11 20:00:00.000000000,2
225,American Crow,Corvus brachyrhynchos,Confidence,2024-02-11 21:00:00.000000000,2
226,American Crow,Corvus brachyrhynchos,Confidence,2024-02-11 23:00:00.000000000,3
227,American Crow,Corvus brachyrhynchos,Confidence,2024-02-12 14:00:00.000000000,2
228,American Crow,Corvus brachyrhynchos,Confidence,2024-02-12 15:00:00.000000000,6
229,American Crow,Corvus brachyrhynchos,Confidence,2024-02-12 17:00:00.000000000,7
230,American Crow,Corvus brachyrhynchos,Confidence,2024-02-12 21:00:00.000000000,3
231,American Crow,Corvus brachyrhynchos,Confidence,2024-02-12 23:00:00.000000000,15
232,American Crow,Corvus brachyrhynchos,Confidence,2024-02-13 00:00:00.000000000,2
233,American Crow,Corvus brachyrhynchos,Confidence,2024-02-13 15:00:00.000000000,7
234,American Crow,Corvus brachyrhynchos,Confidence,2024-02-13 16:00:00.000000000,2
235,American Crow,Corvus brachyrhynchos,Confidence,2024-02-13 17:00:00.000000000,18
236,American Crow,Corvus brachyrhynchos,Confidence,2024-02-13 18:00:00.000000000,9
237,American Crow,Corvus brachyrhynchos,Confidence,2024-02-13 19:00:00.000000000,3
238,American Crow,Corvus brachyrhynchos,Confidence,2024-02-13 20:00:00.000000000,2
239,American Crow,Corvus brachyrhynchos,Confidence,2024-02-13 21:00:00.000000000,23
240,American Crow,Corvus brachyrhynchos,Confidence,2024-02-13 22:00:00.000000000,7
241,American Crow,Corvus brachyrhynchos,Confidence,2024-02-14 16:00:00.000000000,2
242,American Crow,Corvus brachyrhynchos,Confidence,2024-02-14 17:00:00.000000000,3
243,American Crow,Corvus brachyrhynchos,Confidence,2024-02-14 18:00:00.000000000,3
244,American Crow,Corvus brachyrhynchos,Confidence,2024-02-14 20:00:00.000000000,4
245,American Crow,Corvus brachyrhynchos,Confidence,2024-02-15 00:00:00.000000000,2
246,American Crow,Corvus brachyrhynchos,Confidence,2024-02-15 15:00:00.000000000,5
247,American Crow,Corvus brachyrhynchos,Confidence,2024-02-15 16:00:00.000000000,12
248,American Crow,Corvus brachyrhynchos,Confidence,2024-02-15 17:00:00.000000000,6
249,American Crow,Corvus brachyrhynchos,Confidence,2024-02-15 18:00:00.000000000,4
250,American Crow,Corvus brachyrhynchos,Confidence,2024-02-16 01:00:00.000000000,4
251,American Crow,Corvus brachyrhynchos,Confidence,2024-02-16 16:00:00.000000000,3
252,American Crow,Corvus brachyrhynchos,Confidence,2024-02-16 17:00:00.000000000,8
253,American Crow,Corvus brachyrhynchos,Confidence,2024-02-16 18:00:00.000000000,9
254,American Crow,Corvus brachyrhynchos,Confidence,2024-02-16 19:00:00.000000000,5
255,American Crow,Corvus brachyrhynchos,Confidence,2024-02-16 20:00:00.000000000,12
256,American Crow,Corvus brachyrhynchos,Confidence,2024-02-16 21:00:00.000000000,8
257,American Crow,Corvus brachyrhynchos,Confidence,2024-02-16 23:00:00.000000000,6
258,American Crow,Corvus brachyrhynchos,Confidence,2024-02-17 00:00:00.000000000,3
259,American Crow,Corvus brachyrhynchos,Confidence,2024-02-17 14:00:00.000000000,2
260,American Crow,Corvus brachyrhynchos,Confidence,2024-02-17 15:00:00.000000000,2
261,Mallard,Anas platyrhynchos,Confidence,2024-01-29 01:00:00.000000000,2
262,Mallard,Anas platyrhynchos,Confidence,2024-02-12 03:00:00.000000000,2
263,Mallard,Anas platyrhynchos,Confidence,2024-02-14 02:00:00.000000000,2
264,Mallard,Anas platyrhynchos,Confidence,2024-02-14 04:00:00.000000000,2
265,Spotted Towhee,Pipilo maculatus,Confidence,2024-02-16 00:00:00.000000000,3
266,Spotted Towhee,Pipilo maculatus,Confidence,2024-02-16 19:00:00.000000000,3
267,Lesser Goldfinch,Spinus psaltria,Confidence,2024-01-27 18:00:00.000000000,2
268,Lesser Goldfinch,Spinus psaltria,Confidence,2024-01-27 20:00:00.000000000,2
269,Lesser Goldfinch,Spinus psaltria,Confidence,2024-01-28 18:00:00.000000000,2
270,Lesser Goldfinch,Spinus psaltria,Confidence,2024-01-28 19:00:00.000000000,2
271,Lesser Goldfinch,Spinus psaltria,Confidence,2024-01-28 22:00:00.000000000,2
272,Lesser Goldfinch,Spinus psaltria,Confidence,2024-02-11 19:00:00.000000000,2
273,Lesser Goldfinch,Spinus psaltria,Confidence,2024-02-13 17:00:00.000000000,3
274,Lesser Goldfinch,Spinus psaltria,Confidence,2024-02-14 14:00:00.000000000,2
275,Lesser Goldfinch,Spinus psaltria,Confidence,2024-02-15 14:00:00.000000000,2
276,Lesser Goldfinch,Spinus psaltria,Confidence,2024-02-15 15:00:00.000000000,3
277,Lesser Goldfinch,Spinus psaltria,Confidence,2024-02-17 00:00:00.000000000,2
278,Mountain Chickadee,Poecile gambeli,Confidence,2024-01-27 18:00:00.000000000,4
279,Mountain Chickadee,Poecile gambeli,Confidence,2024-01-28 00:00:00.000000000,9
280,Mountain Chickadee,Poecile gambeli,Confidence,2024-01-28 01:00:00.000000000,5
281,Mountain Chickadee,Poecile gambeli,Confidence,2024-01-28 14:00:00.000000000,16
282,Mountain Chickadee,Poecile gambeli,Confidence,2024-01-28 19:00:00.000000000,7
283,Mountain Chickadee,Poecile gambeli,Confidence,2024-01-28 21:00:00.000000000,13
284,Mountain Chickadee,Poecile gambeli,Confidence,2024-01-28 22:00:00.000000000,7
285,Mountain Chickadee,Poecile gambeli,Confidence,2024-01-28 23:00:00.000000000,8
286,Mountain Chickadee,Poecile gambeli,Confidence,2024-01-29 00:00:00.000000000,3
287,Mountain Chickadee,Poecile gambeli,Confidence,2024-02-10 23:00:00.000000000,10
288,Mountain Chickadee,Poecile gambeli,Confidence,2024-02-11 00:00:00.000000000,17
289,Mountain Chickadee,Poecile gambeli,Confidence,2024-02-11 14:00:00.000000000,2
290,Mountain Chickadee,Poecile gambeli,Confidence,2024-02-11 15:00:00.000000000,3
291,Mountain Chickadee,Poecile gambeli,Confidence,2024-02-11 17:00:00.000000000,12
292,Mountain Chickadee,Poecile gambeli,Confidence,2024-02-11 18:00:00.000000000,13
293,Mountain Chickadee,Poecile gambeli,Confidence,2024-02-11 19:00:00.000000000,5
294,Mountain Chickadee,Poecile gambeli,Confidence,2024-02-11 20:00:00.000000000,6
295,Mountain Chickadee,Poecile gambeli,Confidence,2024-02-12 14:00:00.000000000,12
296,Mountain Chickadee,Poecile gambeli,Confidence,2024-02-12 15:00:00.000000000,4
297,Mountain Chickadee,Poecile gambeli,Confidence,2024-02-12 16:00:00.000000000,5
298,Mountain Chickadee,Poecile gambeli,Confidence,2024-02-12 17:00:00.000000000,2
299,Mountain Chickadee,Poecile gambeli,Confidence,2024-02-12 18:00:00.000000000,3
300,Mountain Chickadee,Poecile gambeli,Confidence,2024-02-12 20:00:00.000000000,2
301,Mountain Chickadee,Poecile gambeli,Confidence,2024-02-12 23:00:00.000000000,6
302,Mountain Chickadee,Poecile gambeli,Confidence,2024-02-13 00:00:00.000000000,12
303,Mountain Chickadee,Poecile gambeli,Confidence,2024-02-13 14:00:00.000000000,3
304,Mountain Chickadee,Poecile gambeli,Confidence,2024-02-13 16:00:00.000000000,2
305,Mountain Chickadee,Poecile gambeli,Confidence,2024-02-13 17:00:00.000000000,2
306,Mountain Chickadee,Poecile gambeli,Confidence,2024-02-13 23:00:00.000000000,4
307,Mountain Chickadee,Poecile gambeli,Confidence,2024-02-14 00:00:00.000000000,4
308,Mountain Chickadee,Poecile gambeli,Confidence,2024-02-14 14:00:00.000000000,5
309,Mountain Chickadee,Poecile gambeli,Confidence,2024-02-14 15:00:00.000000000,6
310,Mountain Chickadee,Poecile gambeli,Confidence,2024-02-14 18:00:00.000000000,3
311,Mountain Chickadee,Poecile gambeli,Confidence,2024-02-14 21:00:00.000000000,2
312,Mountain Chickadee,Poecile gambeli,Confidence,2024-02-15 00:00:00.000000000,10
313,Mountain Chickadee,Poecile gambeli,Confidence,2024-02-15 01:00:00.000000000,3
314,Mountain Chickadee,Poecile gambeli,Confidence,2024-02-15 14:00:00.000000000,9
315,Mountain Chickadee,Poecile gambeli,Confidence,2024-02-15 18:00:00.000000000,2
316,Mountain Chickadee,Poecile gambeli,Confidence,2024-02-15 19:00:00.000000000,2
317,Mountain Chickadee,Poecile gambeli,Confidence,2024-02-15 23:00:00.000000000,12
318,Mountain Chickadee,Poecile gambeli,Confidence,2024-02-16 01:00:00.000000000,4
319,Mountain Chickadee,Poecile gambeli,Confidence,2024-02-16 14:00:00.000000000,5
320,Mountain Chickadee,Poecile gambeli,Confidence,2024-02-16 16:00:00.000000000,2
321,Mountain Chickadee,Poecile gambeli,Confidence,2024-02-16 21:00:00.000000000,3
322,Mountain Chickadee,Poecile gambeli,Confidence,2024-02-16 23:00:00.000000000,4
323,Mountain Chickadee,Poecile gambeli,Confidence,2024-02-17 00:00:00.000000000,2
324,Mountain Chickadee,Poecile gambeli,Confidence,2024-02-17 14:00:00.000000000,4
325,Mountain Chickadee,Poecile gambeli,Confidence,2024-02-17 15:00:00.000000000,2
326,Coopers Hawk,Accipiter cooperii,Confidence,2024-01-28 14:00:00.000000000,2
327,Coopers Hawk,Accipiter cooperii,Confidence,2024-02-11 14:00:00.000000000,4
328,Coopers Hawk,Accipiter cooperii,Confidence,2024-02-12 14:00:00.000000000,3
329,Coopers Hawk,Accipiter cooperii,Confidence,2024-02-14 18:00:00.000000000,2
330,Coopers Hawk,Accipiter cooperii,Confidence,2024-02-16 00:00:00.000000000,2
331,Coopers Hawk,Accipiter cooperii,Confidence,2024-02-16 14:00:00.000000000,4
332,Allens Hummingbird,Selasphorus sasin,Confidence,2024-01-27 19:00:00.000000000,4
333,Allens Hummingbird,Selasphorus sasin,Confidence,2024-01-27 20:00:00.000000000,3
334,Allens Hummingbird,Selasphorus sasin,Confidence,2024-01-28 00:00:00.000000000,2
335,Allens Hummingbird,Selasphorus sasin,Confidence,2024-01-28 18:00:00.000000000,2
336,Allens Hummingbird,Selasphorus sasin,Confidence,2024-02-14 17:00:00.000000000,2
337,Dark-eyed Junco,Junco hyemalis,Confidence,2024-01-28 14:00:00.000000000,3
338,Dark-eyed Junco,Junco hyemalis,Confidence,2024-01-28 15:00:00.000000000,6
339,Dark-eyed Junco,Junco hyemalis,Confidence,2024-02-11 14:00:00.000000000,2
340,Dark-eyed Junco,Junco hyemalis,Confidence,2024-02-11 16:00:00.000000000,2
341,Dark-eyed Junco,Junco hyemalis,Confidence,2024-02-11 17:00:00.000000000,14
342,Dark-eyed Junco,Junco hyemalis,Confidence,2024-02-11 18:00:00.000000000,17
343,Dark-eyed Junco,Junco hyemalis,Confidence,2024-02-11 20:00:00.000000000,5
344,Dark-eyed Junco,Junco hyemalis,Confidence,2024-02-12 15:00:00.000000000,5
345,Dark-eyed Junco,Junco hyemalis,Confidence,2024-02-12 16:00:00.000000000,24
346,Dark-eyed Junco,Junco hyemalis,Confidence,2024-02-12 17:00:00.000000000,31
347,Dark-eyed Junco,Junco hyemalis,Confidence,2024-02-13 16:00:00.000000000,2
348,Dark-eyed Junco,Junco hyemalis,Confidence,2024-02-13 17:00:00.000000000,3
349,Dark-eyed Junco,Junco hyemalis,Confidence,2024-02-13 18:00:00.000000000,2
350,Dark-eyed Junco,Junco hyemalis,Confidence,2024-02-13 19:00:00.000000000,17
351,Dark-eyed Junco,Junco hyemalis,Confidence,2024-02-13 20:00:00.000000000,36
352,Dark-eyed Junco,Junco hyemalis,Confidence,2024-02-14 01:00:00.000000000,8
353,Dark-eyed Junco,Junco hyemalis,Confidence,2024-02-14 14:00:00.000000000,2
354,Dark-eyed Junco,Junco hyemalis,Confidence,2024-02-14 16:00:00.000000000,3
355,Dark-eyed Junco,Junco hyemalis,Confidence,2024-02-14 18:00:00.000000000,2
356,Dark-eyed Junco,Junco hyemalis,Confidence,2024-02-14 21:00:00.000000000,2
357,Dark-eyed Junco,Junco hyemalis,Confidence,2024-02-15 16:00:00.000000000,26
358,Dark-eyed Junco,Junco hyemalis,Confidence,2024-02-15 17:00:00.000000000,9
359,Dark-eyed Junco,Junco hyemalis,Confidence,2024-02-15 19:00:00.000000000,9
360,Dark-eyed Junco,Junco hyemalis,Confidence,2024-02-15 23:00:00.000000000,4
361,Dark-eyed Junco,Junco hyemalis,Confidence,2024-02-16 21:00:00.000000000,16
362,Dark-eyed Junco,Junco hyemalis,Confidence,2024-02-16 22:00:00.000000000,3
363,Dark-eyed Junco,Junco hyemalis,Confidence,2024-02-17 01:00:00.000000000,8
364,Oak Titmouse,Baeolophus inornatus,Confidence,2024-01-27 17:00:00.000000000,8
365,Oak Titmouse,Baeolophus inornatus,Confidence,2024-01-28 18:00:00.000000000,32
366,Oak Titmouse,Baeolophus inornatus,Confidence,2024-01-28 19:00:00.000000000,18
367,Oak Titmouse,Baeolophus inornatus,Confidence,2024-01-28 22:00:00.000000000,3
368,Oak Titmouse,Baeolophus inornatus,Confidence,2024-01-29 00:00:00.000000000,9
369,Oak Titmouse,Baeolophus inornatus,Confidence,2024-02-11 16:00:00.000000000,6
370,Oak Titmouse,Baeolophus inornatus,Confidence,2024-02-11 17:00:00.000000000,5
371,Oak Titmouse,Baeolophus inornatus,Confidence,2024-02-11 19:00:00.000000000,6
372,Oak Titmouse,Baeolophus inornatus,Confidence,2024-02-11 20:00:00.000000000,12
373,Oak Titmouse,Baeolophus inornatus,Confidence,2024-02-12 15:00:00.000000000,5
374,Oak Titmouse,Baeolophus inornatus,Confidence,2024-02-12 18:00:00.000000000,2
375,Oak Titmouse,Baeolophus inornatus,Confidence,2024-02-12 19:00:00.000000000,2
376,Oak Titmouse,Baeolophus inornatus,Confidence,2024-02-12 21:00:00.000000000,2
377,Oak Titmouse,Baeolophus inornatus,Confidence,2024-02-12 23:00:00.000000000,9
378,Oak Titmouse,Baeolophus inornatus,Confidence,2024-02-13 00:00:00.000000000,9
379,Oak Titmouse,Baeolophus inornatus,Confidence,2024-02-13 14:00:00.000000000,5
380,Oak Titmouse,Baeolophus inornatus,Confidence,2024-02-13 15:00:00.000000000,7
381,Oak Titmouse,Baeolophus inornatus,Confidence,2024-02-13 16:00:00.000000000,14
382,Oak Titmouse,Baeolophus inornatus,Confidence,2024-02-13 17:00:00.000000000,5
383,Oak Titmouse,Baeolophus inornatus,Confidence,2024-02-13 18:00:00.000000000,5
384,Oak Titmouse,Baeolophus inornatus,Confidence,2024-02-13 22:00:00.000000000,3
385,Oak Titmouse,Baeolophus inornatus,Confidence,2024-02-14 00:00:00.000000000,3
386,Oak Titmouse,Baeolophus inornatus,Confidence,2024-02-15 01:00:00.000000000,2
387,Oak Titmouse,Baeolophus inornatus,Confidence,2024-02-15 15:00:00.000000000,12
388,Oak Titmouse,Baeolophus inornatus,Confidence,2024-02-15 16:00:00.000000000,4
389,Oak Titmouse,Baeolophus inornatus,Confidence,2024-02-15 17:00:00.000000000,4
390,Oak Titmouse,Baeolophus inornatus,Confidence,2024-02-15 18:00:00.000000000,2
391,Oak Titmouse,Baeolophus inornatus,Confidence,2024-02-15 23:00:00.000000000,15
392,Oak Titmouse,Baeolophus inornatus,Confidence,2024-02-16 00:00:00.000000000,4
393,Oak Titmouse,Baeolophus inornatus,Confidence,2024-02-16 01:00:00.000000000,4
394,Oak Titmouse,Baeolophus inornatus,Confidence,2024-02-16 14:00:00.000000000,3
395,Oak Titmouse,Baeolophus inornatus,Confidence,2024-02-16 15:00:00.000000000,9
396,Oak Titmouse,Baeolophus inornatus,Confidence,2024-02-17 00:00:00.000000000,4
397,Oak Titmouse,Baeolophus inornatus,Confidence,2024-02-17 14:00:00.000000000,6
398,Oak Titmouse,Baeolophus inornatus,Confidence,2024-02-17 15:00:00.000000000,22
399,Says Phoebe,Sayornis saya,Confidence,2024-02-14 15:00:00.000000000,2
400,Ruby-crowned Kinglet,Corthylio calendula,Confidence,2024-01-28 22:00:00.000000000,2
401,Ruby-crowned Kinglet,Corthylio calendula,Confidence,2024-01-28 23:00:00.000000000,2
402,Ruby-crowned Kinglet,Corthylio calendula,Confidence,2024-02-13 20:00:00.000000000,2
403,California Towhee,Melozone crissalis,Confidence,2024-01-28 14:00:00.000000000,8
404,California Towhee,Melozone crissalis,Confidence,2024-01-29 01:00:00.000000000,7
405,California Towhee,Melozone crissalis,Confidence,2024-02-11 14:00:00.000000000,19
406,California Towhee,Melozone crissalis,Confidence,2024-02-11 15:00:00.000000000,4
407,California Towhee,Melozone crissalis,Confidence,2024-02-11 16:00:00.000000000,2
408,California Towhee,Melozone crissalis,Confidence,2024-02-12 14:00:00.000000000,12
409,California Towhee,Melozone crissalis,Confidence,2024-02-13 01:00:00.000000000,2
410,California Towhee,Melozone crissalis,Confidence,2024-02-13 14:00:00.000000000,64
411,California Towhee,Melozone crissalis,Confidence,2024-02-13 15:00:00.000000000,12
412,California Towhee,Melozone crissalis,Confidence,2024-02-13 16:00:00.000000000,63
413,California Towhee,Melozone crissalis,Confidence,2024-02-13 17:00:00.000000000,18
414,California Towhee,Melozone crissalis,Confidence,2024-02-14 01:00:00.000000000,2
415,California Towhee,Melozone crissalis,Confidence,2024-02-14 14:00:00.000000000,11
416,California Towhee,Melozone crissalis,Confidence,2024-02-15 01:00:00.000000000,23
417,California Towhee,Melozone crissalis,Confidence,2024-02-15 14:00:00.000000000,22
418,California Towhee,Melozone crissalis,Confidence,2024-02-15 15:00:00.000000000,2
419,California Towhee,Melozone crissalis,Confidence,2024-02-15 16:00:00.000000000,6
420,California Towhee,Melozone crissalis,Confidence,2024-02-16 01:00:00.000000000,4
421,California Towhee,Melozone crissalis,Confidence,2024-02-16 14:00:00.000000000,9
422,California Towhee,Melozone crissalis,Confidence,2024-02-16 15:00:00.000000000,19
423,California Towhee,Melozone crissalis,Confidence,2024-02-16 16:00:00.000000000,11
424,California Towhee,Melozone crissalis,Confidence,2024-02-16 17:00:00.000000000,5
425,California Towhee,Melozone crissalis,Confidence,2024-02-17 00:00:00.000000000,2
426,California Towhee,Melozone crissalis,Confidence,2024-02-17 01:00:00.000000000,23
427,California Towhee,Melozone crissalis,Confidence,2024-02-17 14:00:00.000000000,8
428,Mourning Dove,Zenaida macroura,Confidence,2024-01-28 17:00:00.000000000,2
429,Mourning Dove,Zenaida macroura,Confidence,2024-02-11 14:00:00.000000000,6
430,Mourning Dove,Zenaida macroura,Confidence,2024-02-11 16:00:00.000000000,2
431,Mourning Dove,Zenaida macroura,Confidence,2024-02-11 19:00:00.000000000,2
432,Mourning Dove,Zenaida macroura,Confidence,2024-02-13 01:00:00.000000000,8
433,Mourning Dove,Zenaida macroura,Confidence,2024-02-13 14:00:00.000000000,10
434,Mourning Dove,Zenaida macroura,Confidence,2024-02-13 16:00:00.000000000,7
435,Mourning Dove,Zenaida macroura,Confidence,2024-02-13 17:00:00.000000000,22
436,Mourning Dove,Zenaida macroura,Confidence,2024-02-15 14:00:00.000000000,2
437,Mourning Dove,Zenaida macroura,Confidence,2024-02-15 16:00:00.000000000,8
438,Mourning Dove,Zenaida macroura,Confidence,2024-02-15 17:00:00.000000000,2
439,Mourning Dove,Zenaida macroura,Confidence,2024-02-16 00:00:00.000000000,40
440,Mourning Dove,Zenaida macroura,Confidence,2024-02-16 01:00:00.000000000,2
441,Mourning Dove,Zenaida macroura,Confidence,2024-02-16 14:00:00.000000000,2
442,Mourning Dove,Zenaida macroura,Confidence,2024-02-16 16:00:00.000000000,6
443,Mourning Dove,Zenaida macroura,Confidence,2024-02-16 17:00:00.000000000,2
444,Mourning Dove,Zenaida macroura,Confidence,2024-02-17 14:00:00.000000000,3
445,Stellers Jay,Cyanocitta stelleri,confidence,2024-02-17 17:00:00.000000000,2
446,Stellers Jay,Cyanocitta stelleri,confidence,2024-02-17 18:00:00.000000000,42
447,Stellers Jay,Cyanocitta stelleri,confidence,2024-02-17 19:00:00.000000000,1
448,Canada Goose,Branta canadensis,Confidence,2024-02-11 01:00:00.000000000,2
449,Canada Goose,Branta canadensis,Confidence,2024-02-11 04:00:00.000000000,2
450,Canada Goose,Branta canadensis,Confidence,2024-02-12 11:00:00.000000000,2
451,Canada Goose,Branta canadensis,Confidence,2024-02-14 11:00:00.000000000,2
452,Canada Goose,Branta canadensis,Confidence,2024-02-14 17:00:00.000000000,2
453,Caspian Tern,Hydroprogne caspia,Confidence,2024-01-28 21:00:00.000000000,2
454,Mourning Dove,Zenaida macroura,confidence,2024-02-17 17:00:00.000000000,1
455,Red-tailed Hawk,Buteo jamaicensis,confidence,2024-02-17 18:00:00.000000000,5
456,Red-tailed Hawk,Buteo jamaicensis,confidence,2024-02-17 19:00:00.000000000,1
457,Hermit Thrush,Catharus guttatus,Confidence,2024-02-13 14:00:00.000000000,2
458,Whimbrel,Numenius phaeopus,Confidence,2024-02-16 23:00:00.000000000,2
459,Yellow-rumped Warbler,Setophaga coronata,Confidence,2024-01-28 00:00:00.000000000,2
460,Yellow-rumped Warbler,Setophaga coronata,Confidence,2024-01-28 15:00:00.000000000,2
461,Yellow-rumped Warbler,Setophaga coronata,Confidence,2024-01-29 00:00:00.000000000,7
462,Yellow-rumped Warbler,Setophaga coronata,Confidence,2024-02-11 01:00:00.000000000,3
463,Yellow-rumped Warbler,Setophaga coronata,Confidence,2024-02-12 14:00:00.000000000,5
464,Yellow-rumped Warbler,Setophaga coronata,Confidence,2024-02-13 01:00:00.000000000,4
465,Yellow-rumped Warbler,Setophaga coronata,Confidence,2024-02-13 15:00:00.000000000,2
466,Yellow-rumped Warbler,Setophaga coronata,Confidence,2024-02-15 14:00:00.000000000,2
467,Yellow-rumped Warbler,Setophaga coronata,Confidence,2024-02-16 00:00:00.000000000,2
468,Yellow-rumped Warbler,Setophaga coronata,Confidence,2024-02-16 01:00:00.000000000,7
469,Yellow-rumped Warbler,Setophaga coronata,Confidence,2024-02-16 15:00:00.000000000,6
470,Yellow-rumped Warbler,Setophaga coronata,Confidence,2024-02-17 00:00:00.000000000,2
471,Yellow-rumped Warbler,Setophaga coronata,Confidence,2024-02-17 01:00:00.000000000,5
472,Downy Woodpecker,Dryobates pubescens,Confidence,2024-02-16 15:00:00.000000000,2
473,Wrentit,Chamaea fasciata,Confidence,2024-02-13 20:00:00.000000000,2
474,Eurasian Collared-Dove,Streptopelia decaocto,Confidence,2024-02-14 02:00:00.000000000,2
475,,test,cpu_utilization,2024-02-17 16:00:00.000000000,1
476,Common Raven,Corvus corax,Confidence,2024-02-13 17:00:00.000000000,10
477,Common Raven,Corvus corax,Confidence,2024-02-13 18:00:00.000000000,3
478,Common Raven,Corvus corax,Confidence,2024-02-13 23:00:00.000000000,2
479,Common Raven,Corvus corax,Confidence,2024-02-14 01:00:00.000000000,2
480,Common Raven,Corvus corax,Confidence,2024-02-14 16:00:00.000000000,2
481,Common Raven,Corvus corax,Confidence,2024-02-14 20:00:00.000000000,2
482,Common Raven,Corvus corax,Confidence,2024-02-15 18:00:00.000000000,2
483,Common Raven,Corvus corax,Confidence,2024-02-15 20:00:00.000000000,2
484,Pine Siskin,Spinus pinus,Confidence,2024-01-28 18:00:00.000000000,2
485,Fox Sparrow,Passerella iliaca,Confidence,2024-02-15 17:00:00.000000000,2
486,Black Phoebe,Sayornis nigricans,confidence,2024-02-17 17:00:00.000000000,3
487,Gadwall,Mareca strepera,Confidence,2024-02-13 05:00:00.000000000,2
488,Red-breasted Nuthatch,Sitta canadensis,confidence,2024-02-17 17:00:00.000000000,3
489,Red-breasted Nuthatch,Sitta canadensis,confidence,2024-02-17 19:00:00.000000000,5
490,Red-shouldered Hawk,Buteo lineatus,Confidence,2024-02-12 19:00:00.000000000,5
491,Red-shouldered Hawk,Buteo lineatus,Confidence,2024-02-12 20:00:00.000000000,2
492,Red-shouldered Hawk,Buteo lineatus,Confidence,2024-02-13 17:00:00.000000000,6
493,Red-shouldered Hawk,Buteo lineatus,Confidence,2024-02-14 18:00:00.000000000,4
494,Red-shouldered Hawk,Buteo lineatus,Confidence,2024-02-14 19:00:00.000000000,3
495,American Crow,Corvus brachyrhynchos,confidence,2024-02-17 17:00:00.000000000,4
496,American Crow,Corvus brachyrhynchos,confidence,2024-02-17 18:00:00.000000000,5
497,American Crow,Corvus brachyrhynchos,confidence,2024-02-17 19:00:00.000000000,9
498,Black-crowned Night-Heron,Nycticorax nycticorax,Confidence,2024-02-13 17:00:00.000000000,2
499,California Scrub-Jay,Aphelocoma californica,Confidence,2024-02-13 18:00:00.000000000,4
500,California Scrub-Jay,Aphelocoma californica,Confidence,2024-02-13 19:00:00.000000000,4
501,California Scrub-Jay,Aphelocoma californica,Confidence,2024-02-15 15:00:00.000000000,3
502,California Scrub-Jay,Aphelocoma californica,Confidence,2024-02-15 16:00:00.000000000,2
503,Common Raven,Corvus corax,confidence,2024-02-17 19:00:00.000000000,1
